median__amt,median__amt_log,median__avg_amt_user,median__amt_to_mean,median__city_pop,constant__std_amt_user,time__hour,time__day_of_week,time__month,binary__is_night,binary__is_weekend,cat__0,cat__1,cat__2,cat__3,cat__4,gen__gender_F,gen__gender_M
0.18494079719539164,0.8388479027282003,1.5274874778641088,0.006444888709516894,-0.2932459329721108,-1.9282345387452626,-0.11805205468092714,1.33266340586961,-0.33418645990941914,0.0,1.0,0.00474934036939314,0.0015486905995645036,0.016853932584269662,0.016981132075471698,0.016666666666666666,0.0,1.0
